124,мочь
120,человек
115,самый
111,главный
99,российский
90,очень
87,страна
86,редактор
83,время
82,президент
82,большой
81,стать
76,путин
72,день
71,колонка
70,проект
69,рубль
67,сегодня
67,компания
66,должный
65,хороший
64,последний
64,новый
63,глава
61,получить
61,москва
61,каждый
61,деньга
60,писать
59,пост
59,дать
59,вс
58,миллиард
58,ещ
58,дело
58,власть
55,хотеть
55,политический
54,против
54,несколько
54,метр
52,слово
52,новость
51,выбор
51,владимир
50,работа
50,ничто
50,место
50,источник
50,история
50,имя
49,тысяча
48,просто
47,сми
47,telegram
46,сказать
46,решение
46,редакция
45,работать
45,вопрос
45,t
45,me
44,случай
44,миллион
43,рассказать
43,говорить
42,число
42,именно
41,месяц
41,иметь
40,сша
40,сделать
39,решить
39,мир
39,знать
38,читать
38,считать
38,регион
38,причина
38,правительство
38,информация
38,делать
38,otsuka
37,телеграм
37,результат
37,проблема
37,общий
37,область
37,написать
37,лицо
37,bld
36,итог
35,чиновник
35,почему
35,политика
35,крупный
35,ru
34,сторона
34,ситуация
34,рынок
34,принять
34,найти
34,заявить
34,губернатор
33,простой
33,однако
33,кстати
33,количество
33,давать
33,бывший
32,хотя
32,сергей
32,связь
32,помощь
32,оказаться
32,важный
32,бизнес
31,часть
31,отношение
31,начать
31,p
30,федеральный
30,тема
30,поэтому
30,некоторый
30,интернет
30,жизнь
30,дорогой
30,давно
30,внимание
29,хотеться
29,стоить
29,пытаться
29,кремль
29,доллар
29,группа
29,готовый
29,государство
29,бюджет
28,сразу
28,сотрудник
28,рф
28,рейтинг
28,неделя
28,друг
28,ваш
27,читатель
27,сообщить
27,развитие
27,понимать
27,нужно
27,никакой
27,например
27,идти
27,закон
27,гражданин
26,факт
26,суд
26,собеседник
26,система
26,рассказывать
26,новое
26,литр
26,курс
26,комментарий
26,дом
26,государственный
26,автор
26,media
25,ход
25,служба
25,ребёнок
25,пора
25,понять
25,никто
25,интересный
25,заниматься
25,вообще
25,вид
25,безопасность
25,администрация
24,получать
24,партия
24,ответ
24,остаться
24,около
24,находиться
24,момент
24,местный
24,любить
24,лидер
24,жить
24,город
24,выйти
24,встреча
24,возможность
23,цена
23,цель
23,условие
23,топ
23,совет
23,санкция
23,сайт
23,руководство
23,ранее
23,пройти
23,произойти
23,полный
23,министр
23,кандидат
23,журналист
23,действие
23,видеть
22,управление
22,точно
22,счёт
22,ссылка
22,список
22,русский
22,россиянин
22,ребята
22,пять
22,повод
22,немного
22,маленький
22,конец
22,думать
22,депутат
22,алексей
22,александр
22,proekt
21,центр
21,участие
21,структура
21,среди
21,сообщать
21,рост
21,продолжать
21,предложить
21,правда
21,появиться
21,показать
21,начинать
21,называть
21,назад
21,медведев
21,качество
21,довольно
21,госдума
21,андрей
20,являться
20,экономика
20,средство
20,социальный
20,снова
20,следовать
20,речь
20,происходить
20,образ
20,московский
20,менее
20,личный
20,кампания
20,известный
20,дмитрий
20,далее
20,говорят
20,выходить
20,возможно
20,акция
19,финансовый
19,уровень
19,текст
19,сумма
19,статья
19,собственный
19,смочь
19,скоро
19,скандал
19,публикация
19,примерно
19,пресс
19,право
19,пользователь
19,организация
19,небольшой
19,материал
19,кроме
19,интерес
19,идея
19,близкий
18,цифра
18,участник
18,сфера
18,средний
18,следующий
18,сей
18,рука
18,роснефть
18,разный
18,проводить
18,первое
18,официальный
18,нужный
18,мнение
18,кремлёвский
18,караульный
18,использовать
18,издание
18,заместитель
18,единый
18,далёкий
18,голос
18,банк
18,американский
18,s
17,увидеть
17,тся
17,свободный
17,региональный
17,реальный
17,рбк
17,расследование
17,процесс
17,представитель
17,появляться
17,попытка
17,показывать
17,подписчик
17,отвечать
17,общественный
17,образование
17,обнаружить
17,незыгарь
17,настоящий
17,название
17,наверное
17,наблюдать
17,многий
17,мера
17,команда
17,исследование
17,значит
17,знакомый
17,ждать
17,единственный
17,доход
17,глаз
17,высокий
17,вместе
17,взять
17,kstati
16,целое
16,утверждать
16,строительство
16,создать
16,сколько
16,семья
16,республика
16,программа
16,провести
16,принимать
16,признать
16,представить
16,помочь
16,позиция
16,подтвердить
16,плохо
16,оценка
16,остальной
16,опубликовать
16,олег
16,объявить
16,несмотря
16,начало
16,напомнить
16,назвать
16,навальный
16,информационный
16,заявление
16,западный
16,документ
16,данные
16,говориться
16,вчера
16,всякий
16,володин
16,военный
16,вести
16,версия
16,буквально
16,большинство
16,благодаря
16,активно
16,актив
16,karaulny
15,эксперт
15,украина
15,уйти
15,узнать
15,территория
15,способ
15,состояться
15,сообщение
15,сила
15,сеть
15,сво
15,рамка
15,район
15,проходить
15,продать
15,предлагать
15,практически
15,построить
15,отметить
15,основный
15,немой
15,национальный
15,минимум
15,куча
15,конфликт
15,комитет
15,итак
15,интервью
15,игорь
15,законопроект
15,житель
15,действительно
15,вывод
15,выборы
15,брать
15,блогер
15,банка
14,экономический
14,фон
14,требовать
14,становиться
14,составить
14,сначала
14,смысл
14,следить
14,серьёзный
14,связать
14,связанный
14,ресурс
14,различный
14,публиковать
14,прошлое
14,принцип
14,пример
14,похоже
14,потерять
14,понятно
14,помогать
14,половина
14,пенсия
14,ощущение
14,очередной
14,обсуждать
14,нарушение
14,многие
14,медиа
14,кома
14,коллега
14,изменение
14,известно
14,защита
14,доля
14,деятельность
14,голосование
14,газета
14,второе
14,война
14,владелец
14,ближний
14,активный
14,source
14,medium
13,час
13,фонд
13,сравнение
13,составлять
13,создавать
13,событие
13,смотреть
13,скорее
13,рекомендовать
13,ранний
13,размер
13,прямо
13,процент
13,просить
13,президентский
13,председатель
13,предприниматель
13,покупка
13,подписать
13,платить
13,очередь
13,отделение
13,оставить
13,олигарх
13,номер
13,население
13,направить
13,мэр
13,мысль
13,молодая
13,минута
13,китай
13,карта
13,запустить
13,европейский
13,евгений
13,долго
13,долгий
13,долг
13,директор
13,выясниться
13,вспомнить
13,вокруг
13,ввести
13,будущее
13,russica
13,metodi
13,mediatech
13,kremlin
13,ka
12,четыре
12,точка
12,текущий
12,таки
12,сын
12,судить
12,стоимость
12,состояние
12,современный
12,секретарь
12,ракета
12,прислать
12,правило
12,поставить
12,посмотреть
12,попасть
12,получиться
12,позволить
12,победа
12,отправить
12,особенно
12,общество
12,нынешний
12,нибыть
12,начаться
12,напоминать
12,михаил
12,любопытный
12,линия
12,крым
12,ключевой
12,инсайд
12,иной
12,зарплата
12,герой
12,выше
12,выступать
12,выглядеть
12,входить
12,впервые
12,внутренний
12,борьба
12,адрес
11,южный
11,штаб
11,цб
11,франция
11,участвовать
11,успеть
11,угроза
11,уголовный
11,туда
11,триллион
11,тип
11,строить
11,странно
11,срок
11,соцсеть
11,сотня
11,согласно
11,снять
11,слишком
11,сильно
11,свобода
11,равно
11,премьер
11,предложение
11,похожий
11,поскольку
11,популярный
11,подписываться
11,поддержка
11,подготовить
11,плохой
11,план
11,письмо
11,песок
11,пенсионный
11,парень
11,ответить
11,оружие
11,опрос
11,необходимый
11,недавно
11,народ
11,наверняка
11,мировой
11,методичок
11,мероприятие
11,медиатехнолог
11,любовь
11,лично
11,куратор
11,криптовалюта
11,красный
11,коррупция
11,контроль
11,контролировать
11,иностранный
11,игра
11,зарабатывать
11,задача
11,ер
11,дорога
11,договориться
11,дмитрия
11,девушка
11,двое
11,германия
11,вырасти
11,вчерашний
11,вроде
11,вполне
11,влияние
11,вица
11,видимо
11,видео
11,вернуть
11,бороться
11,больший
11,богатый
11,бизнесмен
11,анонимный
11,автомобиль
11,mother
11,expert
11,aavst
10,школа
10,член
10,часы
10,часто
10,цифровой
10,фраза
10,фотография
10,фильм
10,фамилия
10,участок
10,транспорт
10,трамп
10,спецслужба
10,собрать
10,собираться
10,смешной
10,сервис
10,руководитель
10,реформа
10,публично
10,прочий
10,продажа
10,прийтись
10,почитать
10,порядок
10,попытаться
10,помнить
10,получаться
10,полностью
10,пойти
10,подробность
10,поддерживать
10,повестка
10,петербург
10,отец
10,отдел
10,основа
10,организовать
10,опыт
10,огромный
10,обычный
10,объяснить
10,обратить
10,обещать
10,николай
10,налог
10,надеяться
10,мало
10,максим
10,любимый
10,купить
10,компромат
10,кажется
10,ида
10,закончиться
10,забыть
10,желание
10,дуров
10,дробный
10,добрый
10,господин
10,гораздо
10,вячеслав
10,выяснить
10,выделить
10,выбрать
10,возглавлять
10,валюта
10,блокировка
10,ап
10,агентство
10,varlamov
10,kbrvdvkr
10,go
9,эффективный
9,штраф
9,шанс
9,федерация
9,уходить
9,ум
9,уважаемый
9,тур
9,теракт
9,сюжет
9,столько
9,столица
9,ставить
9,среднее
9,спикер
9,специальный
9,содержание
9,совершенно
9,северный
9,ряд
9,рубрика
9,реклама
9,реакция
9,публичный
9,пропаганда
9,продукт
9,приходить
9,принадлежать
9,прекрасный
9,предвыборный
9,предварительный
9,превышать
9,праздник
9,посадить
9,пользоваться
9,политик
9,полгода
9,поздний
9,поделиться
9,повышение
9,площадь
9,передача
9,передать
9,пенсионер
9,партнёр
9,парламент
9,павел
9,ошибка
9,охрана
9,относиться
9,открытый
9,отказ
9,отдельный
9,отдать
9,ответственность
9,оказываться
9,овощной
9,объект
9,нный
9,неожиданно
9,необходимость
9,негативный
9,набрать
9,мышь
9,международный
9,массовый
9,летний
9,лдпр
9,критика
9,космический
9,контракт
9,контент
9,класс
9,кабинет
9,й
9,искать
9,иск
9,известие
9,избирательный
9,заседание
9,заработать
9,запретить
9,занимать
9,заголовок
9,дума
9,достаточно
9,должность
9,десять
9,дерипаск
9,выход
9,возможный
9,водитель
9,включая
9,виктор
9,вещий
9,великобритания
9,близкие
9,афк
9,аккаунт
9,tlgrm
9,the
9,rospres
9,html
9,campaign
8,язык
8,юрий
8,шутка
8,шесть
8,чистый
8,частный
8,цитата
8,центральный
8,холдинг
8,хватить
8,уход
8,устроить
8,устинов
8,услуга
8,уникальный
8,уметь
8,указать
8,удаться
8,турчак
8,треть
8,тезис
8,тасс
8,схема
8,судебный
8,странный
8,стоять
8,стабильность
8,союз
8,сотрудничать
8,создание
8,собянин
8,смерть
8,случиться
8,сирия
8,сильный
8,силовик
8,сидеть
8,сегодняшний
8,сделка
8,роман
8,родной
8,риа
8,решать
8,расход
8,рассказ
8,разрешить
8,разработка
8,рабочий
8,путь
8,прямая
8,прям
8,протестный
8,просмотр
8,проголосовать
8,прогноз
8,проведение
8,приходиться
8,природа
8,принести
8,прийти
8,предприятие
8,превысить
8,потратить
8,поражение
8,попросить
8,помощник
8,польза
8,положение
8,покупать
8,подтверждать
8,подобный
8,персонаж
8,переход
8,переговоры
8,партийный
8,падать
8,охранник
8,отрасль
8,отмечать
8,открыть
8,основатель
8,основание
8,осень
8,орган
8,оппозиционный
8,ольга
8,ограничение
8,обычно
8,обзор
8,никак
8,низкий
8,некий
8,неизвестный
8,наказание
8,назначение
8,надежда
8,мусор
8,минфин
8,медиалогия
8,мвд
8,маленькая
8,лишний
8,курировать
8,культура
8,короче
8,комиссия
8,квартира
8,использование
8,интересно
8,институт
8,индия
8,измениться
8,изменить
8,избиратель
8,иван
8,затем
8,заплатить
8,запад
8,заблокировать
8,живой
8,европа
8,дополнительный
8,добавить
8,действовать
8,далеко
8,давыдов
8,глубокий
8,вциома
8,втб
8,возникнуть
8,внешний
8,вместо
8,взгляд
8,весьма
8,верить
8,венедиктов
8,век
8,вариант
8,бюджетный
8,брат
8,бот
8,бог
8,блок
8,белый
8,банковский
8,аналитик
8,stalin
8,plushevchannel
8,kompr
8,gulag
8,boilerroomchannel
7,яндекс
7,якобы
7,чувствовать
7,чей
7,частность
7,худой
7,фсб
7,финансирование
7,учёный
7,утро
7,университет
7,улица
7,указывать
7,удовольствие
7,уверенный
7,убийство
7,тяжёлый
7,турция
7,труд
7,третье
7,тренд
7,традиционно
7,трагедия
7,течение
7,твой
7,твиттер
7,суть
7,суметь
7,судьба
7,столичный
7,ссср
7,спасибо
7,сотрудничество
7,сон
7,сокращение
7,соглашение
7,согласовать
7,сложно
7,скромный
7,силовой
7,секс
7,секретарить
7,санкт
7,самолёт
7,ролик
7,родитель
7,ракетный
7,разработчик
7,ради
7,пятница
7,публиковаться
7,протест
7,пространство
7,проверка
7,привлечь
7,премьера
7,предполагать
7,превратиться
7,правильно
7,поток
7,поставка
7,помимо
7,покинуть
7,подумать
7,подать
7,перевод
7,пара
7,память
7,пакет
7,официально
7,отсутствие
7,относительно
7,отменить
7,отказаться
7,отечественный
7,особо
7,операция
7,оно
7,означать
7,обсуждаться
7,обратно
7,оборона
7,нормальный
7,нефть
7,неужели
7,начальник
7,назначить
7,набиуллин
7,молодёжь
7,митинг
7,министерство
7,миллиардер
7,менеджер
7,машина
7,мамковеда
7,летом
7,красивый
7,кашин
7,иначе
7,израиль
7,играть
7,зря
7,знаете
7,земля
7,здоровье
7,заявлять
7,заявка
7,зарегистрировать
7,запуск
7,запрет
7,заняться
7,занять
7,заметить
7,заменить
7,зайти
7,жкх
7,жертва
7,жена
7,жд
7,жаров
7,екатерина
7,договор
7,дискуссия
7,дешёвый
7,детский
7,департамент
7,девочка
7,движение
7,громов
7,график
7,гражданский
7,готовиться
7,голосовать
7,голова
7,главное
7,выступить
7,вынужденный
7,встать
7,вспоминать
7,врач
7,волна
7,внести
7,внезапно
7,вмешательство
7,вернуться
7,василий
7,быстро
7,бумага
7,бесплатный
7,б
7,авторский
7,politburo
7,d
6,япония
6,явно
6,человеческий
6,чаща
6,чат
6,ценность
6,целый
6,царь
6,форма
6,фирма
6,устройство
6,установить
6,успех
6,управлять
6,удар
6,уволить
6,увеличить
6,убыток
6,тюрьма
6,трудно
6,троллита
6,требование
6,тратить
6,торговый
6,товарищ
6,технология
6,телефон
6,телеканал
6,тариф
6,талант
6,тайна
6,страшный
6,сторонник
6,степень
6,статистика
6,сталингулаг
6,срочно
6,сравнивать
6,спорт
6,состав
6,сосед
6,соответствующий
6,сомнение
6,собрание
6,собирать
6,смирнов
6,сменить
6,смена
6,слух
6,след
6,скрыться
6,серьёзно
6,серь
6,светлый
6,руслан
6,руководить
6,роскомнадзор
6,родственник
6,репортаж
6,реальность
6,расчёт
6,расти
6,рассчитывать
6,разница
6,пусть
6,пункт
6,прошлый
6,противник
6,просьба
6,прокомментировать
6,происшествие
6,производитель
6,продукция
6,продемонстрировать
6,продавать
6,проверить
6,приём
6,пришлый
6,причём
6,привести
6,преступление
6,появление
6,потенциальный
6,последовательно
6,портал
6,пообещать
6,понятный
6,понедельник
6,полномочие
6,полагать
6,показаться
6,позволять
6,пожалуй
6,пожалеть
6,подозревать
6,подарок
6,площадка
6,перестать
6,перевести
6,падение
6,очевидный
6,отставка
6,остров
6,оставаться
6,особый
6,основной
6,организатор
6,оппонент
6,окружение
6,ожидать
6,обязательный
6,обстоятельство
6,обращение
6,обладать
6,оба
6,неплохо
6,незаконный
6,нация
6,настолько
6,насколько
6,нарушать
6,народный
6,наркотик
6,напротив
6,наоборот
6,наиболее
6,нажать
6,муниципальный
6,механизм
6,мессенджер
6,менять
6,масштабный
6,мастер
6,мальчик
6,магазин
6,люба
6,лишиться
6,легко
6,круг
6,крайний
6,край
6,космос
6,конкурс
6,конкретный
6,конечный
6,коммунист
6,комментировать
6,коллектив
6,козак
6,китайский
6,кириенко
6,касаться
6,картинка
6,картина
6,капитал
6,канада
6,исторический
6,испания
6,инициатива
6,индекс
6,инвестор
6,издатель
6,золотой
6,здравоохранение
6,защищать
6,захват
6,зафиксировать
6,заставлять
6,заставить
6,заранее
6,запрос
6,закупка
6,закрыть
6,заказчик
6,заинтересовать
6,завтра
6,забавный
6,жёсткий
6,жаль
6,ехать
6,ежегодно
6,душа
6,доступный
6,доступ
6,достойный
6,добавлять
6,демонстрировать
6,дата
6,грозить
6,греф
6,городской
6,генеральный
6,гарантировать
6,выступление
6,высказаться
6,выдать
6,воспринимать
6,вооружение
6,возвращение
6,внимательно
6,вне
6,вложение
6,владислав
6,владеть
6,видимый
6,вечер
6,вероятно
6,вдвое
6,введение
6,бояться
6,бомба
6,бойлерная
6,боев
6,блокировать
6,биткоина
6,беда
6,банкир
6,бабушка
6,аудитория
6,атака
6,армия
6,аппарат
6,акционер
6,актуальный
6,акт
6,агрегатор
6,абсолютно
6,smirnovmz
6,seryikardinal
6,politjoystic
6,mail
6,chnl
6,c
6,babchenko
6,a
5,ясно
5,ядерный
5,эффективность
5,экспорт
5,эксперимент
5,шойгу
5,чувство
5,частное
5,чайка
5,цитировать
5,цензура
5,хабаровский
5,футляр
5,фургал
5,функция
5,фронт
5,фокус
5,финансировать
5,фигура
5,фактически
5,учёт
5,учитывать
5,ухо
5,устраивать
5,установка
5,условный
5,усилие
5,упоминание
5,упасть
5,указание
5,ужас
5,уважать
5,туалет
5,торговля
5,торг
5,террорист
5,темп
5,считаться
5,сч
5,сценарий
5,сутки
5,студент
5,стройка
5,стремиться
5,страшно
5,стратегия
5,страница
5,стол
5,статус
5,старший
5,старое
5,стандарт
5,среда
5,спутник
5,спорый
5,спасти
5,сохранить
5,соответствие
5,сообщество
5,сознание
5,согласиться
5,советский
5,собственник
5,снизить
5,смеяться
5,смешно
5,слышать
5,случайный
5,служить
5,сложный
5,следствие
5,скорый
5,скорректировать
5,серия
5,семь
5,семейный
5,секунда
5,сектор
5,секрет
5,сегмент
5,свидетельствовать
5,свет
5,свердловский
5,сбор
5,роскосмос
5,роль
5,рождение
5,родиться
5,родина
5,ровно
5,риторика
5,репост
5,религиозный
5,реально
5,рассмотреть
5,рассматривать
5,распоряжение
5,расположить
5,разработать
5,разобраться
5,разведка
5,работодатель
5,процедура
5,простить
5,продолжить
5,продолжаться
5,приводить
5,прежний
5,предоставить
5,практика
5,пояснить
5,почта
5,посредник
5,послать
5,послание
5,посвятить
5,попробовать
5,попадать
5,поменять
5,полоса
5,полноценный
5,полиция
5,полицейский
5,политолог
5,покупатель
5,показатель
5,поздравлять
5,поездка
5,подчинённый
5,подробный
5,подозрение
5,поднять
5,подмосковье
5,поговорить
5,погибший
5,победитель
5,питер
5,пиарщик
5,пиар
5,перспектива
5,период
5,переписка
5,перемена
5,перейти
5,передавать
5,париж
5,паблик
5,очевидно
5,офис
5,отравление
5,отпуск
5,отозвать
5,откуда
5,открыто
5,открытие
5,открывать
5,откат
5,отдавать
5,отбирать
5,осуществлять
5,остановить
5,определённый
5,онлайн
5,окно
5,озвучить
5,одновременно
5,обязать
5,обязательно
5,объём
5,объявление
5,общаться
5,обсуждение
5,обращаться
5,обратиться
5,оборот
5,обойтись
5,обмен
5,обвинение
5,нью
5,новостной
5,нидерланды
5,нея
5,непонятно
5,неплохой
5,некоторые
5,недавний
5,находить
5,научиться
5,нарушитель
5,наказать
5,навсегда
5,набор
5,набирать
5,мужчина
5,муж
5,мощный
5,мотив
5,молдова
5,множество
5,мид
5,медицинский
5,марин
5,мама
5,лёгкий
5,любим
5,ловить
5,либерал
5,леонид
5,крутой
5,кричать
5,кризис
5,крайне
5,коррупционный
5,корпорация
5,корея
5,конституция
5,кононенко
5,конкуренция
5,компенсация
5,кирилл
5,кгб
5,кандидатура
5,кадр
5,йорк
5,истинный
5,исполнение
5,инструмент
5,инвестиция
5,илья
5,издательство
5,игрок
5,золотов
5,золото
5,значительно
5,значимый
5,знак
5,звезда
5,звать
5,зато
5,заслужить
5,запись
5,заключить
5,заказ
5,завершение
5,екатеринбург
5,достигнуть
5,допустить
5,доклад
5,дневник
5,десятка
5,держаться
5,демократический
5,делиться
5,делаться
5,давний
5,грядущий
5,готовить
5,госкорпорация
5,госкомпания
5,горячее
5,газпром
5,выпуск
5,выплата
5,вызвать
5,встретиться
5,вряд
5,вручить
5,врио
5,восток
5,воровать
5,войти
5,возраст
5,возвращаться
5,возврат
5,воевать
5,внутри
5,внимательный
5,влиятельный
5,виолончель
5,винокуров
5,взрослый
5,вестись
5,вес
5,вертушка
5,вероятный
5,великое
5,ведомство
5,ведомость
5,веда
5,васильев
5,быстрый
5,бывать
5,борис
5,больница
5,биржа
5,беседа
5,бежать
5,база
5,атс
5,аргумент
5,аргентина
5,антон
5,анна
5,анатолий
5,американец
5,активность
5,upd
5,russianfuture
5,redzion
5,post
5,plushev
5,pfl
5,navalny
5,n
5,mislinemisli
5,kononenkome
5,kashinguru
5,e
5,davydovin
5,atc
5,ak
4,ярославский
4,ярд
4,явный
4,явка
4,юрист
4,эхо
4,этап
4,эпизод
4,эльвира
4,экстремизм
4,экспертиза
4,экс
4,экономист
4,шпорт
4,шоу
4,чёрный
4,чтение
4,чо
4,читаемый
4,чемпионат
4,цивилизовать
4,хозяйство
4,ходить
4,хватать
4,футбол
4,физический
4,фигурировать
4,фас
4,фальшивый
4,ф
4,учредитель
4,учить
4,учитель
4,учебник
4,установленный
4,успешный
4,услышать
4,урал
4,умный
4,умереть
4,улучшить
4,украсть
4,узкий
4,удачный
4,удалить
4,угодный
4,увольнение
4,уверить
4,уверенность
4,убить
4,тунгус
4,точнее
4,торт
4,тонна
4,товар
4,тихо
4,технический
4,терроризм
4,темник
4,телефонный
4,телевидение
4,татарстан
4,таковой
4,таков
4,счастливый
4,сцена
4,существующий
4,сурков
4,суббота
4,страхование
4,стратегический
4,ставка
4,спустя
4,спортивный
4,спорить
4,специально
4,сохраниться
4,соседний
4,сопротивление
4,соответствовать
4,сомнительный
4,солнечный
4,создатель
4,созд
4,сожаление
4,содержаться
4,содержательный
4,совпадение
4,совещание
4,советовать
4,собчак
4,собственно
4,снимка
4,сметь
4,скрипаль
4,скорость
4,сечин
4,сентябрьский
4,селигер
4,секретный
4,севастополь
4,связывать
4,свыше
4,сбербанк
4,сад
4,рухнуть
4,рубеж
4,ротенберг
4,рогозин
4,рный
4,респект
4,реновация
4,резерв
4,режим
4,реагировать
4,расширение
4,распространять
4,распространить
4,распространение
4,распределение
4,раскрыть
4,разговор
4,развлекательный
4,разбор
4,разбираться
4,работник
4,пустой
4,пустить
4,прочитать
4,профессиональный
4,протяжение
4,протестовать
4,простор
4,проспект
4,пропустить
4,пропускать
4,промышленность
4,проиграть
4,продвижение
4,продавец
4,пробка
4,приятно
4,приоритет
4,приобретение
4,принадлежащий
4,приморье
4,применение
4,придумывать
4,придумать
4,прид
4,приглашать
4,привыкнуть
4,приводиться
4,прибыть
4,прибавить
4,прекрасно
4,представлять
4,предел
4,правильный
4,потеря
4,посёлок
4,посчитать
4,поступить
4,поступать
4,пострадавший
4,постоянный
4,постоянно
4,постараться
4,послужить
4,пос
4,порой
4,порог
4,порадоваться
4,понятие
4,понимание
4,полчаса
4,полтора
4,полпред
4,положительный
4,политота
4,политджойстик
4,полезный
4,пол
4,покидать
4,пойда
4,пожалуйста
4,подсчёт
4,подпись
4,подписка
4,подняться
4,подборка
4,подача
4,повлиять
4,повезти
4,платёж
4,платный
4,плата
4,планка
4,планировать
4,петров
4,песков
4,персонал
4,перестановка
4,паспорт
4,партн
4,парный
4,палец
4,палата
4,оценить
4,оценивать
4,оттуда
4,отряд
4,отреагировать
4,отправиться
4,отойти
4,отменять
4,отмена
4,отличный
4,отказываться
4,ответный
4,ост
4,основное
4,осваивать
4,оригинальный
4,опросить
4,оппозиция
4,оплата
4,окончательно
4,ой
4,однажды
4,одинаковый
4,обязанность
4,объяснение
4,объявлять
4,общественно
4,обход
4,обслуживание
4,образец
4,оборудование
4,обещание
4,обеспечить
4,обеспечение
4,обвинять
4,нравиться
4,носить
4,нож
4,никита
4,ниже
4,нигде
4,нефтяной
4,нерв
4,ненависть
4,немногий
4,независимый
4,недвижимость
4,настроить
4,напрямую
4,налоговый
4,найтись
4,найда
4,надоесть
4,мэрия
4,музыка
4,мужик
4,мочить
4,москвич
4,мониторинг
4,молодёжный
4,молодой
4,молдавский
4,минус
4,минимальный
4,миллер
4,мешать
4,метро
4,мексика
4,медуза
4,мединский
4,масштаб
4,масса
4,макрон
4,любитель
4,льгота
4,логика
4,лишить
4,лишение
4,лицензия
4,лидировать
4,левый
4,куйвашева
4,кремть
4,кредит
4,креативный
4,корреспондент
4,корпоративный
4,коротко
4,короткий
4,король
4,контекст
4,контакт
4,конкурент
4,комплекс
4,компетенция
4,коммерческий
4,комедия
4,кой
4,код
4,климат
4,киргизия
4,кино
4,килограмм
4,катарсис
4,карьера
4,камера
4,казна
4,ка
4,итого
4,италия
4,исходить
4,испытать
4,испортить
4,искренне
4,ироничный
4,иран
4,инцидент
4,интересоваться
4,инсайдер
4,изображение
4,ибо
4,зрение
4,зона
4,знание
4,здоровый
4,здание
4,зарубежный
4,запас
4,зампред
4,зам
4,закончить
4,заключение
4,заканчиваться
4,задержать
4,забрать
4,з
4,жириновский
4,жилой
4,женщина
4,жалко
4,жалкий
4,ежемесячный
4,егэ
4,дыра
4,дух
4,думский
4,дочь
4,достаться
4,дорожный
4,доказать
4,доказательство
4,дождь
4,договорённость
4,договариваться
4,днём
4,джинса
4,деталь
4,действующий
4,действительность
4,дедолларизация
4,дед
4,дверь
4,данный
4,давление
4,губернаторский
4,готовность
4,госбанк
4,говно
4,герман
4,газ
4,выпустить
4,выпускать
4,выполнять
4,выиграть
4,вызывать
4,выдумать
4,выгодно
4,вывести
4,вуз
4,всяческий
4,встречаться
4,вскоре
4,временной
4,враг
4,вперёд
4,впереди
4,восемь
4,воробьев
4,воля
4,волновать
4,возмутить
4,возглавить
4,вовсе
4,внутриполитический
4,владимирский
4,включить
4,вклад
4,вишенка
4,виновный
4,взятка
4,взамен
4,вероятность
4,ведение
4,валютный
4,валерий
4,вайно
4,вадим
4,бюро
4,бытовой
4,бурный
4,бренд
4,боевой
4,бодро
4,близко
4,благодарный
4,билет
4,бедный
4,башнефть
4,башкирский
4,бабнуть
4,аппаратный
4,анонсировать
4,аналогия
4,анализировать
4,анализ
4,активист
4,академия
4,агитация
4,агент
4,авторитет
4,автоматически
4,австралия
4,yoba
4,telegra
4,russia
4,prbezposhady
4,portrait
4,ph
4,narrative
4,m
4,iphone
4,ip
4,google
4,goo
4,gl
4,facebook
4,f
4,energy
4,ekvinokurova
4,apple
3,яровой
3,яров
3,яйцо
3,яд
3,юмор
3,юар
3,эфир
3,эмоция
3,элита
3,электроэнергия
3,эвакуация
3,щука
3,шь
3,шпионский
3,шоссе
3,шикарный
3,чужое
3,чудовищный
3,чудо
3,чудесный
3,чувак
3,численность
3,честной
3,честно
3,человечество
3,чек
3,чашка
3,цик
3,церковь
3,цепочка
3,центробанк
3,ценный
3,целовать
3,царьград
3,царский
3,хрен
3,храниться
3,ходорковский
3,харассмент
3,характер
3,хакер
3,фсо
3,формирование
3,формат
3,финансы
3,финал
3,физически
3,физик
3,фельгенгауэр
3,фбк
3,фб
3,файл
3,ущерб
3,учиться
3,учебный
3,ухудшение
3,утренний
3,утверждение
3,уступать
3,устать
3,успешно
3,ускорить
3,упомянуть
3,упоминаться
3,унижение
3,умудриться
3,умение
3,улыбаться
3,улучшение
3,укрепление
3,украинский
3,указанный
3,указ
3,ук
3,узбекистан
3,уехать
3,уезжать
3,удобно
3,удивлять
3,удерживать
3,удача
3,угадать
3,увп
3,увеличиться
3,увеличение
3,уважение
3,убийца
3,убеждение
3,тяжкий
3,тэк
3,тусовочек
3,тупо
3,тунгусов
3,трудиться
3,троллинг
3,трое
3,транспортный
3,транснефть
3,трамвайный
3,тр
3,торговать
3,тишина
3,типичный
3,тимченко
3,технологический
3,тест
3,тесно
3,терять
3,террористический
3,территориальный
3,теория
3,тенденция
3,тело
3,телеграмер
3,телега
3,твит
3,тверская
3,татьяна
3,тактический
3,такси
3,таджикистан
3,съесть
3,счесть
3,сформировать
3,существовать
3,существование
3,сухой
3,суровый
3,супер
3,суммарно
3,субъект
3,субсидия
3,столкнуться
3,стиль
3,стесняться
3,старый
3,стартап
3,старт
3,станция
3,стадион
3,ссылаться
3,спрос
3,справедливый
3,способный
3,спокойно
3,специалист
3,специализироваться
3,спг
3,спать
3,социолог
3,соратник
3,сообщаться
3,солидный
3,сокращать
3,сократить
3,создаваться
3,содержимый
3,согласный
3,совладелец
3,советник
3,совершить
3,совершение
3,снятой
3,сниматься
3,снимать
3,снизиться
3,снижение
3,смертный
3,смелый
3,слуцкий
3,служебный
3,сломаться
3,сложность
3,слив
3,слепаков
3,славянка
3,слава
3,скрываться
3,сколково
3,сипягин
3,сиона
3,сизый
3,сигнал
3,сибирь
3,середина
3,сербия
3,сенсация
3,сенатор
3,сексуальный
3,сезон
3,северо
3,святой
3,свежий
3,свежеизбранный
3,сведение
3,свалка
3,сантиметр
3,санкционный
3,самол
3,рэп
3,рыбка
3,русскоязычный
3,русало
3,рунет
3,румыния
3,ругать
3,рубла
3,рота
3,ростех
3,росстат
3,роспотребнадзор
3,розыск
3,рожать
3,решётка
3,референдум
3,ресторан
3,респондент
3,ремонт
3,рекомендация
3,резкий
3,резиденция
3,резать
3,режиссёр
3,реестр
3,редко
3,редакционный
3,регулярный
3,регулярно
3,регулирование
3,реализация
3,рассмотрение
3,располагаться
3,разыграть
3,разъяснить
3,разумеется
3,разрушение
3,разразиться
3,разрабатывать
3,разобрать
3,размещение
3,разделять
3,раздать
3,развивать
3,разбудить
3,разбить
3,радость
3,радоваться
3,пётр
3,путешествие
3,пускать
3,пуля
3,прошлогодний
3,прошедшее
3,прочтение
3,прочить
3,прочесть
3,прочее
3,профессия
3,противоречить
3,противодействие
3,просвещение
3,прописать
3,промышленный
3,прокуратура
3,произвол
3,проживать
3,проезд
3,продуктовый
3,продовольствие
3,прод
3,прогресс
3,провокация
3,проводиться
3,провал
3,приятный
3,прич
3,приобретать
3,принятие
3,приносить
3,примечание
3,примесь
3,приличный
3,прилететь
3,приказ
3,признание
3,приз
3,приговор
3,привет
3,приведа
3,претендент
3,преступность
3,преследование
3,прекращение
3,предупредить
3,предстоящий
3,предстоять
3,предпочитать
3,предположительно
3,предположение
3,предполагаться
3,предотвратить
3,предоставлять
3,правый
3,правоохранительный
3,правление
3,пошло
3,почувствовать
3,похитить
3,потребоваться
3,потребительский
3,поступок
3,поступление
3,поставщик
3,поспешить
3,последствие
3,посещать
3,посетить
3,посетитель
3,посвящий
3,поправить
3,попкорн
3,понадобиться
3,помешать
3,положить
3,политтехнолог
3,полезть
3,поколение
3,покой
3,поймать
3,поиск
3,позитивно
3,поехать
3,подытожить
3,подчёркивать
3,подчеркнуть
3,подходить
3,подставить
3,подскочить
3,подсказывать
3,подсказать
3,подрядчик
3,подписание
3,подойти
3,подмосковный
3,поддержать
3,подготовка
3,подавлять
3,погибнуть
3,поверить
3,поведение
3,побежать
3,победить
3,плющев
3,плз
3,платформа
3,планирование
3,планета
3,питерский
3,питаться
3,пик
3,петербургский
3,песня
3,персона
3,перечисленный
3,перечень
3,переходить
3,переработка
3,перерабатывать
3,переехать
3,переезд
3,переводить
3,пациент
3,пассажир
3,парк
3,оффшор
3,оформлять
3,оформить
3,отчисление
3,отрабатывать
3,отобрать
3,отнять
3,отметка
3,открыться
3,отказать
3,отжимать
3,отель
3,отдых
3,ответка
3,отбор
3,осудить
3,остроумный
3,остаток
3,остановиться
3,оставлять
3,оспаривать
3,особенный
3,основать
3,ослабление
3,осаго
3,орешкин
3,орден
3,опровергнуть
3,опровергать
3,определять
3,описать
3,описание
3,оперативный
3,опасность
3,оон
3,олимпийский
3,олимпиада
3,око
3,ок
3,ознакомиться
3,одноклассник
3,огонь
3,обязательство
3,объединять
3,общественность
3,обстановка
3,обратный
3,образовательный
3,обозначить
3,обвинить
3,норма
3,новинка
3,новиков
3,нмг
3,неформальный
3,неравенство
3,неожиданный
3,неоднократно
3,немысль
3,немножко
3,немало
3,нелепый
3,неизвестно
3,независимо
3,недоумение
3,недостаточно
3,невозможно
3,нафиг
3,научить
3,наука
3,настроение
3,настоящее
3,настать
3,напасть
3,нападение
3,наносить
3,нанести
3,намерить
3,намерение
3,наличный
3,накануне
3,наказывать
3,наивный
3,называться
3,наезд
3,наделать
3,награда
3,наглядно
3,набраться
3,мыть
3,мутко
3,мужской
3,мощь
3,мощность
3,мошенничество
3,мошенник
3,мораторий
3,мораль
3,моментально
3,молдавия
3,мозг
3,модернизация
3,модель
3,мо
3,мкс
3,михайлов
3,мирный
3,минобороны
3,миллионер
3,мечта
3,меняться
3,менеджмент
3,мемас
3,мем
3,мелкий
3,медленно
3,медицина
3,мег
3,материальный
3,математика
3,маска
3,маск
3,мария
3,манипуляция
3,мандат
3,малое
3,макаров
3,любопытно
3,лояльность
3,лондон
3,ломать
3,ложь
3,лоббист
3,литва
3,линейка
3,лечение
3,лето
3,лепра
3,лекарство
3,лежать
3,легендарный
3,латвия
3,лаборатория
3,кушать
3,кухня
3,купчиный
3,крымский
3,критически
3,кредитор
3,креатура
3,краткий
3,красиво
3,кпрф
3,королева
3,коридор
3,контрольный
3,контора
3,константин
3,коновалов
3,компьютер
3,коммерсант
3,кольцо
3,колоссальный
3,колонна
3,коллективный
3,ковальчук
3,кнр
3,кнопка
3,книга
3,клуб
3,клишас
3,клан
3,китаец
3,километр
3,кидать
3,керчь
3,квадратный
3,кв
3,категория
3,катастрофа
3,касперский
3,карьер
3,карман
3,карлов
3,капитализация
3,калькулятор
3,каков
3,казахстан
3,казалось
3,кадровый
3,ищенко
3,испытывать
3,испанский
3,исключительно
3,ирония
3,инф
3,интрига
3,интеллектуальный
3,инструкция
3,инопланетянин
3,инвестировать
3,император
3,иметься
3,илона
3,избранный
3,избежать
3,зный
3,значение
3,знаменитый
3,зимой
3,земельный
3,звание
3,заём
3,захотеться
3,захотеть
3,заходить
3,захватить
3,засекретить
3,заработок
3,запускать
3,запросто
3,заподозрить
3,запланировать
3,записать
3,заодно
3,заново
3,замечать
3,замечательный
3,заметный
3,заметно
3,замена
3,замглавы
3,закрытие
3,законодательство
3,заказать
3,задумываться
3,завод
3,зависимость
3,завидовать
3,завести
3,заведение
3,забирать
3,журнал
3,естественно
3,елизавета
3,елена
3,ежедневно
3,евро
3,евразийский
3,дьявол
3,душить
3,дружить
3,дружественный
3,дружба
3,дошлый
3,достаточный
3,доставаться
3,дон
3,дождаться
3,доверять
3,добиваться
3,дно
3,диссертация
3,дикий
3,дизайнер
3,дивиденд
3,дефицит
3,детка
3,дерьмо
3,дерипаска
3,держать
3,депутатский
3,деловой
3,декларация
3,девять
3,дворец
3,дарить
3,дама
3,дальний
3,дальнейший
3,давить
3,гулять
3,гудков
3,губернаторов
3,грузить
3,грудинин
3,граница
3,горизонт
3,гонка
3,голливудский
3,годовой
3,глупый
3,глобальный
3,глацкий
3,генсовет
3,генпрокурор
3,геннадий
3,гениальный
3,гарантия
3,гарантированно
3,гай
3,газа
3,габрелянов
3,габрелян
3,вытащить
3,высказать
3,выразить
3,выражение
3,выполнение
3,выплатить
3,выпить
3,выложить
3,выкладывать
3,выкатить
3,выдвинуться
3,выдвижение
3,выгодный
3,выводить
3,вступить
3,встречать
3,всерьёз
3,всерь
3,всероссийский
3,вредный
3,вписка
3,воронежский
3,волшебный
3,володя
3,волк
3,войско
3,возникать
3,возить
3,возбуждать
3,вода
3,вовремя
3,вновь
3,внешнеполитический
3,вкладываться
3,виновник
3,виноватый
3,вино
3,видно
3,видеозапись
3,взыскать
3,взрыв
3,вершина
3,великий
3,ведущий
3,ввп
3,вводить
3,вверх
3,вашингтон
3,ва
3,бутылка
3,будоражить
3,брянский
3,бросить
3,бровь
3,бригада
3,бортовый
3,бонус
3,болезнь
3,бой
3,бить
3,беспощадный
3,беспокоить
3,берег
3,бенефициар
3,беларусь
3,бел
3,безысходность
3,бедность
3,бегать
3,банальный
3,баба
3,аэропорт
3,архив
3,армения
3,аркадия
3,арен
3,арам
3,ао
3,антирейтинг
3,анекдот
3,анастасий
3,ан
3,америка
3,алюминиевый
3,альфа
3,акб
3,азербайджан
3,аж
3,адский
3,административный
3,агентствокибербезопасность
3,авария
3,абрам
3,x
3,watch
3,voted
3,top
3,times
3,start
3,so
3,rubrika
3,rt
3,putina
3,poll
3,politota
3,plus
3,people
3,oko
3,ok
3,niemandswasser
3,nedimonmskinf
3,na
3,kaktovottak
3,it
3,investigation
3,ico
3,group
3,gb
3,finanz
3,far
3,dw
3,cyberagency
3,ctrs
3,comments
3,code
3,channel
3,bydrbre
3,breakingmash
3,bork
3,b
3,articles
3,anonymous
3,accountant
